-- Services (Computer Services from lalegnanoinformatica.it)
INSERT INTO services (name, slug, description) VALUES 
('Assemblaggio PC', 'assemblaggio-pc', 'Assemblaggio computer su misura per gaming e workstation.'),
('Riparazione Console', 'riparazione-console', 'Assistenza e riparazione per PlayStation, Xbox e Nintendo.'),
('Servizi Digitali', 'servizi-digitali', 'Supporto per SPID, PEC, firma digitale e altri servizi online.'),
('Consulenza Acquisto', 'consulenza-acquisto', 'Consulenza professionale per l\'acquisto di nuovi dispositivi.'),
('Contenuti AI', 'contenuti-ai', 'Generazione di testi e immagini con Intelligenza Artificiale.'),
('Creazioni Grafiche', 'creazioni-grafiche', 'Realizzazione loghi, biglietti da visita e materiale pubblicitario.'),
('Ripristino S.O.', 'ripristino-so', 'Formattazione e ripristino sistemi operativi Windows, macOS e Linux.'),
('Software e Antivirus', 'software-antivirus', 'Installazione e configurazione software e protezione antivirus.'),
('Siti Web', 'siti-web', 'Realizzazione siti web vetrina, e-commerce e landing page.'),
('Recupero Dati', 'recupero-dati', 'Recupero dati da hard disk, SSD, chiavette USB e memory card.'),
('Pulizia e Sicurezza', 'pulizia-sicurezza', 'Rimozione virus, malware e ottimizzazione prestazioni PC.'),
('Riparazione PC', 'riparazione-pc', 'Diagnosi e riparazione hardware e software per computer fissi e notebook.'),
('Smaltimento', 'smaltimento', 'Ritiro e smaltimento corretto di apparecchiature elettroniche (RAEE).'),
('Schermi e Batterie', 'schermi-batterie', 'Sostituzione display e batterie per notebook, smartphone e tablet.'),
('Upgrade PC', 'upgrade-pc', 'Potenziamento computer con SSD, RAM e schede video.'),
('Vendita Accessori', 'vendita-accessori', 'Vendita cavi, periferiche, borse e accessori informatici.'),
('Vendita PC', 'vendita-pc', 'Computer nuovi e ricondizionati garantiti.'),
('Assistenza Stampanti', 'assistenza-stampanti', 'Riparazione e configurazione stampanti laser e inkjet.');

-- Zones - Comuni (Legnano + 40km radius - Full List from SOP)
INSERT INTO zones (name, slug, type, parent_city) VALUES 
('Legnano', 'legnano', 'Comune', NULL),
('Busto Arsizio', 'busto-arsizio', 'Comune', NULL),
('Castellanza', 'castellanza', 'Comune', NULL),
('Canegrate', 'canegrate', 'Comune', NULL),
('San Giorgio su Legnano', 'san-giorgio-su-legnano', 'Comune', NULL),
('Cerro Maggiore', 'cerro-maggiore', 'Comune', NULL),
('San Vittore Olona', 'san-vittore-olona', 'Comune', NULL),
('Villa Cortese', 'villa-cortese', 'Comune', NULL),
('Rescaldina', 'rescaldina', 'Comune', NULL),
('Dairago', 'dairago', 'Comune', NULL),
('Marnate', 'marnate', 'Comune', NULL),
('Olgiate Olona', 'olgiate-olona', 'Comune', NULL),
('Gorla Minore', 'gorla-minore', 'Comune', NULL),
('Busto Garolfo', 'busto-garolfo', 'Comune', NULL),
('Parabiago', 'parabiago', 'Comune', NULL),
('Solbiate Olona', 'solbiate-olona', 'Comune', NULL),
('Gorla Maggiore', 'gorla-maggiore', 'Comune', NULL),
('Casorezzo', 'casorezzo', 'Comune', NULL),
('Nerviano', 'nerviano', 'Comune', NULL),
('Arconate', 'arconate', 'Comune', NULL),
('Fagnano Olona', 'fagnano-olona', 'Comune', NULL),
('Cislago', 'cislago', 'Comune', NULL),
('Mozzate', 'mozzate', 'Comune', NULL),
('Ossona', 'ossona', 'Comune', NULL),
('Carbonate', 'carbonate', 'Comune', NULL),
('Arluno', 'arluno', 'Comune', NULL),
('Santo Stefano Ticino', 'santo-stefano-ticino', 'Comune', NULL),
('Inveruno', 'inveruno', 'Comune', NULL),
('Mesero', 'mesero', 'Comune', NULL),
('Vanzago', 'vanzago', 'Comune', NULL),
('Pogliano Milanese', 'pogliano-milanese', 'Comune', NULL),
('Rho', 'rho', 'Comune', NULL),
('Lainate', 'lainate', 'Comune', NULL),
('Magenta', 'magenta', 'Comune', NULL),
('Saronno', 'saronno', 'Comune', NULL);

-- Zones - Milano Quartieri (Full List from SOP)
INSERT INTO zones (name, slug, type, parent_city) VALUES 
('Milano Centro', 'milano-centro', 'Quartiere', 'Milano'),
('Milano Stazione Centrale', 'milano-stazione-centrale', 'Quartiere', 'Milano'),
('Milano Porta Nuova', 'milano-porta-nuova', 'Quartiere', 'Milano'),
('Milano Brera', 'milano-brera', 'Quartiere', 'Milano'),
('Milano Navigli', 'milano-navigli', 'Quartiere', 'Milano'),
('Milano Porta Romana', 'milano-porta-romana', 'Quartiere', 'Milano'),
('Milano Città Studi', 'milano-citta-studi', 'Quartiere', 'Milano'),
('Milano Lambrate', 'milano-lambrate', 'Quartiere', 'Milano'),
('Milano San Siro', 'milano-san-siro', 'Quartiere', 'Milano'),
('Milano Fiera', 'milano-fiera', 'Quartiere', 'Milano'),
('Milano Sempione', 'milano-sempione', 'Quartiere', 'Milano'),
('Milano Porta Venezia', 'milano-porta-venezia', 'Quartiere', 'Milano'),
('Milano Isola', 'milano-isola', 'Quartiere', 'Milano'),
('Milano Bicocca', 'milano-bicocca', 'Quartiere', 'Milano'),
('Milano Niguarda', 'milano-niguarda', 'Quartiere', 'Milano'),
('Milano Lorenteggio', 'milano-lorenteggio', 'Quartiere', 'Milano'),
('Milano Bovisa', 'milano-bovisa', 'Quartiere', 'Milano');
